Date,Users
2021-02-07 16:00, 124365
2021-02-08 08:00, 523461257
2021-02-10 15:00, 1543129830
2021-02-10 15:10, 147
2021-02-10 15:20, 109
2021-02-10 15:30, 51
2021-02-10 15:40, 54
2021-02-10 15:50, 68
2021-02-10 16:00, 51
2021-02-10 16:10, 55
2021-02-10 16:20, 78
2021-02-10 16:30, 66
2021-02-10 16:40, 55
2021-02-10 16:50, 63
2021-02-10 17:00, 51
2021-02-10 17:10, 61
2021-02-10 17:20, 58
2021-02-10 17:30, 54
2021-02-10 17:40, 64
2021-02-10 17:50, 73
2021-02-10 18:00, 185
2021-02-10 18:10, 242
2021-02-10 18:20, 162
2021-02-10 18:30, 84
2021-02-10 18:40, 74
2021-02-10 18:50, 59
2021-02-10 19:00, 60
2021-02-10 19:10, 68
2021-02-10 19:20, 60
2021-02-10 19:30, 80
2021-02-10 19:40, 49
2021-02-10 19:50, 55
2021-03-11 00:10, 10050
2021-03-11 00:50, 23
2021-03-11 01:00, 45
2021-03-11 01:50, 230
2021-03-11 02:00, 100
2021-03-11 02:50, 100
2021-03-11 03:00, 180
2021-03-11 03:50, 123
2021-03-11 04:00, 180
2021-03-11 04:50, 330
2021-03-11 05:00, 180
2021-03-11 05:50, 430
2021-03-11 06:00, 280
2021-03-11 06:50, 23
2021-03-11 07:00, 123
2021-03-11 07:50, 120
2021-03-11 08:00, 12
2021-03-11 08:50, 12
2021-03-11 09:00, 12
2021-03-11 09:10, 29
2021-03-11 09:20, 40
2021-03-11 09:30, 40
2021-03-11 09:40, 48
2021-03-11 09:50, 117
2021-03-11 10:00, 125
2021-03-11 10:10, 116
2021-03-11 10:20, 138
2021-03-11 10:30, 120
2021-03-11 10:40, 125
2021-03-11 10:50, 107
2021-03-11 11:00, 144
2021-03-11 11:10, 131
2021-03-11 11:20, 61
2021-03-11 11:30, 31
2021-03-11 11:40, 39
2021-03-11 11:50, 44
2021-03-11 12:00, 36
2021-03-11 12:10, 36
2021-03-11 12:20, 44
2021-03-11 12:30, 52
2021-03-11 12:40, 67
2021-03-11 12:50, 75
2021-03-11 13:00, 80
2021-03-11 13:10, 111
2021-03-11 13:20, 175
2021-03-11 13:30, 179
2021-03-11 13:40, 209
2021-03-11 13:50, 169
2021-03-11 14:00, 163
2021-03-11 14:10, 155
2021-03-11 14:20, 179
2021-03-11 14:30, 52
2021-03-11 14:40, 44
2021-03-11 14:50, 146
2021-03-11 15:00, 154
2021-03-11 15:10, 147
2021-03-11 15:20, 109
2021-03-11 15:30, 51
2021-03-11 15:40, 54
2021-03-11 15:50, 68
2021-03-11 16:00, 51
2021-03-11 16:10, 55
2021-03-11 16:20, 78
2021-03-11 16:30, 66
2021-03-11 16:40, 55
2021-03-11 16:50, 63
2021-03-11 17:00, 51
2021-03-11 17:10, 61
2021-03-11 17:20, 58
2021-03-11 17:30, 54
2021-03-11 17:40, 64
2021-03-11 17:50, 73
2021-03-11 18:00, 185
2021-03-11 18:10, 242
2021-03-11 18:20, 162
2021-03-11 18:30, 84
2021-03-11 18:40, 74
2021-03-11 18:50, 59
2021-03-11 19:00, 60
2021-03-11 19:10, 68
2021-03-11 19:20, 60
2021-03-11 19:30, 80
2021-03-11 19:40, 49
2021-03-11 19:50, 55
2021-03-11 20:00, 64
2021-03-11 20:10, 71
2021-03-11 20:20, 74
2021-03-11 20:30, 60
2021-03-11 20:40, 66
2021-03-11 19:00, 12
2021-03-12 19:10, 68
2021-03-12 19:20, 60
2021-03-12 19:30, 8
2021-03-12 19:40, 49
2021-03-12 19:50, 55
2021-03-12 20:00, 64
2021-03-12 20:10, 71
2021-03-12 20:20, 10
2021-03-12 20:30, 60
2021-03-12 20:40, 66
2021-03-12 20:50, 66
2021-03-24 20:10, 71
2021-03-24 20:20, 10
2021-03-24 20:30, 1000
2021-03-24 20:40, 66
2021-03-24 20:50, 66
2021-02-05 22:00, 109
2021-05-28 10:00, 415263471625